model,rmse,mae,r2
grad_boost,0.2121189304133581,0.146757653269422,0.9999996563530126
random_forest,0.5281760545757529,0.040938862303104,0.9999978693549763
hist_gb,3.6277843664152436,2.6442695333629227,0.9998994836722647
ridge,103.02099964250452,80.787184458944,0.9189402606075271
